date,season,week,season_type,game_id,player_id,player_name,team,opponent,xp_made,xp_attempts,fg_made,fg_attempts,fg_made_distances
1970-12-26,1970,1,POST,1970_POST_01_DIV_CIN_BAL,nfl-horst-muhlmann,Horst Muhlmann,CIN,BAL,0,0,0,1,
1970-12-26,1970,1,POST,1970_POST_01_DIV_CIN_BAL,nfl-jim-o-brien,Jim O'Brien,BAL,CIN,2,2,1,1,44
1970-12-26,1970,1,POST,1970_POST_01_DIV_DET_DAL,nfl-mike-clark-2,Mike Clark,DAL,DET,0,0,1,1,26
1970-12-27,1970,1,POST,1970_POST_01_DIV_MIA_OAK,nfl-garo-yepremian,Garo Yepremian,MIA,OAK,2,2,0,2,
1970-12-27,1970,1,POST,1970_POST_01_DIV_MIA_OAK,nfl-george-blanda,George Blanda,OAK,MIA,3,3,0,0,
1970-12-27,1970,1,POST,1970_POST_01_DIV_SF_MIN,nfl-bruce-gossett,Bruce Gossett,SF,MIN,2,2,1,2,40
1970-12-27,1970,1,POST,1970_POST_01_DIV_SF_MIN,nfl-fred-cox,Fred Cox,MIN,SF,2,2,0,2,
1971-01-03,1970,2,POST,1970_POST_02_CONF_DAL_SF,nfl-bruce-gossett,Bruce Gossett,SF,DAL,1,1,1,2,16
1971-01-03,1970,2,POST,1970_POST_02_CONF_DAL_SF,nfl-mike-clark-2,Mike Clark,DAL,SF,2,2,1,3,21
1971-01-03,1970,2,POST,1970_POST_02_CONF_OAK_BAL,nfl-george-blanda,George Blanda,OAK,BAL,2,2,1,1,48
1971-01-03,1970,2,POST,1970_POST_02_CONF_OAK_BAL,nfl-jim-o-brien,Jim O'Brien,BAL,OAK,3,3,2,2,"16,23"
1971-01-17,1970,3,POST,1970_POST_03_SB_BAL_DAL,nfl-jim-o-brien,Jim O'Brien,BAL,DAL,1,2,1,1,32
1971-01-17,1970,3,POST,1970_POST_03_SB_BAL_DAL,nfl-mike-clark-2,Mike Clark,DAL,BAL,1,1,2,2,"14,30"
1971-12-25,1971,1,POST,1971_POST_01_DIV_DAL_MIN,nfl-fred-cox,Fred Cox,MIN,DAL,1,1,1,3,27
1971-12-25,1971,1,POST,1971_POST_01_DIV_DAL_MIN,nfl-mike-clark-2,Mike Clark,DAL,MIN,2,2,2,2,"26,44"
1971-12-25,1971,1,POST,1971_POST_01_DIV_MIA_KC,nfl-garo-yepremian,Garo Yepremian,MIA,KC,3,3,2,3,"14,37"
1971-12-25,1971,1,POST,1971_POST_01_DIV_MIA_KC,nfl-jan-stenerud,Jan Stenerud,KC,MIA,3,3,1,4,24
1971-12-26,1971,1,POST,1971_POST_01_DIV_BAL_CLE,nfl-don-cockroft,Don Cockroft,CLE,BAL,0,0,1,3,14
1971-12-26,1971,1,POST,1971_POST_01_DIV_WAS_SF,nfl-bruce-gossett,Bruce Gossett,SF,WAS,3,3,1,1,23
1971-12-26,1971,1,POST,1971_POST_01_DIV_WAS_SF,nfl-curt-knight,Curt Knight,WAS,SF,2,2,2,3,"40,36"
1972-01-02,1971,2,POST,1971_POST_02_CONF_BAL_MIA,nfl-garo-yepremian,Garo Yepremian,MIA,BAL,3,3,0,0,
1972-01-02,1971,2,POST,1971_POST_02_CONF_SF_DAL,nfl-bruce-gossett,Bruce Gossett,SF,DAL,0,0,1,2,28
1972-01-02,1971,2,POST,1971_POST_02_CONF_SF_DAL,nfl-mike-clark-2,Mike Clark,DAL,SF,2,2,0,3,
1972-01-16,1971,3,POST,1971_POST_03_SB_DAL_MIA,nfl-garo-yepremian,Garo Yepremian,MIA,DAL,0,0,1,2,31
1972-01-16,1971,3,POST,1971_POST_03_SB_DAL_MIA,nfl-mike-clark-2,Mike Clark,DAL,MIA,3,3,1,1,9
1972-12-23,1972,1,POST,1972_POST_01_DIV_DAL_SF,nfl-bruce-gossett,Bruce Gossett,SF,DAL,4,4,0,2,
1972-12-23,1972,1,POST,1972_POST_01_DIV_DAL_SF,nfl-toni-fritsch,Toni Fritsch,DAL,SF,3,3,3,3,"37,45,27"
1972-12-23,1972,1,POST,1972_POST_01_DIV_OAK_PIT,nfl-roy-gerela,Roy Gerela,PIT,OAK,1,1,2,3,"18,29"
1972-12-24,1972,1,POST,1972_POST_01_DIV_CLE_MIA,nfl-don-cockroft,Don Cockroft,CLE,MIA,2,2,0,0,
1972-12-24,1972,1,POST,1972_POST_01_DIV_CLE_MIA,nfl-garo-yepremian,Garo Yepremian,MIA,CLE,2,2,2,4,"40,46"
1972-12-24,1972,1,POST,1972_POST_01_DIV_GB_WAS,nfl-chester-marcol,Chester Marcol,GB,WAS,0,0,1,2,17
1972-12-24,1972,1,POST,1972_POST_01_DIV_GB_WAS,nfl-curt-knight,Curt Knight,WAS,GB,1,1,3,3,"42,35,46"
1972-12-31,1972,2,POST,1972_POST_02_CONF_DAL_WAS,nfl-curt-knight,Curt Knight,WAS,DAL,2,2,4,4,"18,39,46,45"
1972-12-31,1972,2,POST,1972_POST_02_CONF_DAL_WAS,nfl-toni-fritsch,Toni Fritsch,DAL,WAS,0,0,1,2,35
1972-12-31,1972,2,POST,1972_POST_02_CONF_MIA_PIT,nfl-garo-yepremian,Garo Yepremian,MIA,PIT,3,3,0,0,
1972-12-31,1972,2,POST,1972_POST_02_CONF_MIA_PIT,nfl-roy-gerela,Roy Gerela,PIT,MIA,2,2,1,2,14
1973-01-14,1972,3,POST,1972_POST_03_SB_MIA_WAS,nfl-curt-knight,Curt Knight,WAS,MIA,1,1,0,1,
1973-01-14,1972,3,POST,1972_POST_03_SB_MIA_WAS,nfl-garo-yepremian,Garo Yepremian,MIA,WAS,2,2,0,1,
1973-12-22,1973,1,POST,1973_POST_01_DIV_PIT_OAK,nfl-roy-gerela,Roy Gerela,PIT,OAK,2,2,0,0,
1973-12-22,1973,1,POST,1973_POST_01_DIV_WAS_MIN,nfl-curt-knight,Curt Knight,WAS,MIN,2,2,2,4,"52,42"
1973-12-22,1973,1,POST,1973_POST_01_DIV_WAS_MIN,nfl-fred-cox,Fred Cox,MIN,WAS,3,3,2,2,"19,30"
1973-12-23,1973,1,POST,1973_POST_01_DIV_CIN_MIA,nfl-garo-yepremian,Garo Yepremian,MIA,CIN,4,4,2,2,"50,46"
1973-12-23,1973,1,POST,1973_POST_01_DIV_CIN_MIA,nfl-horst-muhlmann,Horst Muhlmann,CIN,MIA,1,1,3,3,"24,46,12"
1973-12-23,1973,1,POST,1973_POST_01_DIV_LA_DAL,nfl-david-ray,David Ray,LA,DAL,1,1,3,6,"33,37,40"
1973-12-23,1973,1,POST,1973_POST_01_DIV_LA_DAL,nfl-toni-fritsch,Toni Fritsch,DAL,LA,3,3,2,2,"39,12"
1973-12-30,1973,2,POST,1973_POST_02_CONF_MIN_DAL,nfl-fred-cox,Fred Cox,MIN,DAL,3,3,2,2,"44,34"
1973-12-30,1973,2,POST,1973_POST_02_CONF_MIN_DAL,nfl-toni-fritsch,Toni Fritsch,DAL,MIN,1,1,1,1,17
1973-12-30,1973,2,POST,1973_POST_02_CONF_OAK_MIA,nfl-garo-yepremian,Garo Yepremian,MIA,OAK,3,3,2,2,"42,27"
1974-01-13,1973,3,POST,1973_POST_03_SB_MIN_MIA,nfl-fred-cox,Fred Cox,MIN,MIA,1,1,0,0,
1974-01-13,1973,3,POST,1973_POST_03_SB_MIN_MIA,nfl-garo-yepremian,Garo Yepremian,MIA,MIN,3,3,1,1,28
1974-12-21,1974,1,POST,1974_POST_01_DIV_MIA_OAK,nfl-garo-yepremian,Garo Yepremian,MIA,OAK,2,3,2,2,"33,46"
1974-12-21,1974,1,POST,1974_POST_01_DIV_STL_MIN,nfl-fred-cox,Fred Cox,MIN,STL,3,4,1,1,37
1974-12-21,1974,1,POST,1974_POST_01_DIV_STL_MIN,nfl-jim-bakken,Jim Bakken,STL,MIN,2,2,0,1,
1974-12-22,1974,1,POST,1974_POST_01_DIV_BUF_PIT,nfl-john-leypoldt,John Leypoldt,BUF,PIT,2,2,0,0,
1974-12-22,1974,1,POST,1974_POST_01_DIV_BUF_PIT,nfl-roy-gerela,Roy Gerela,PIT,BUF,2,4,2,2,"21,22"
1974-12-22,1974,1,POST,1974_POST_01_DIV_WAS_LA,nfl-david-ray,David Ray,LA,WAS,1,1,2,4,"37,26"
1974-12-29,1974,2,POST,1974_POST_02_CONF_LA_MIN,nfl-david-ray,David Ray,LA,MIN,1,1,1,1,27
1974-12-29,1974,2,POST,1974_POST_02_CONF_LA_MIN,nfl-fred-cox,Fred Cox,MIN,LA,2,2,0,0,
1974-12-29,1974,2,POST,1974_POST_02_CONF_PIT_OAK,nfl-roy-gerela,Roy Gerela,PIT,OAK,3,3,1,2,23
1975-01-12,1974,3,POST,1974_POST_03_SB_PIT_MIN,nfl-fred-cox,Fred Cox,MIN,PIT,0,1,0,1,
1975-01-12,1974,3,POST,1974_POST_03_SB_PIT_MIN,nfl-roy-gerela,Roy Gerela,PIT,MIN,2,2,0,1,
1975-12-27,1975,1,POST,1975_POST_01_DIV_BAL_PIT,nfl-roy-gerela,Roy Gerela,PIT,BAL,4,4,0,0,
1975-12-27,1975,1,POST,1975_POST_01_DIV_BAL_PIT,nfl-toni-linhart,Toni Linhart,BAL,PIT,1,1,1,1,21
1975-12-27,1975,1,POST,1975_POST_01_DIV_STL_LA,nfl-jim-bakken,Jim Bakken,STL,LA,2,3,1,1,29
1975-12-27,1975,1,POST,1975_POST_01_DIV_STL_LA,nfl-tom-dempsey,Tom Dempsey,LA,STL,5,5,0,1,
1975-12-28,1975,1,POST,1975_POST_01_DIV_CIN_OAK,nfl-dave-green,Dave Green,CIN,OAK,4,4,0,0,
1975-12-28,1975,1,POST,1975_POST_01_DIV_DAL_MIN,nfl-fred-cox,Fred Cox,MIN,DAL,2,2,0,1,
1975-12-28,1975,1,POST,1975_POST_01_DIV_DAL_MIN,nfl-toni-fritsch,Toni Fritsch,DAL,MIN,2,2,1,2,24
1976-01-04,1975,2,POST,1975_POST_02_CONF_DAL_LA,nfl-tom-dempsey,Tom Dempsey,LA,DAL,1,1,0,2,
1976-01-04,1975,2,POST,1975_POST_02_CONF_DAL_LA,nfl-toni-fritsch,Toni Fritsch,DAL,LA,4,4,3,3,"40,26,26"
1976-01-04,1975,2,POST,1975_POST_02_CONF_OAK_PIT,nfl-roy-gerela,Roy Gerela,PIT,OAK,1,1,1,3,36
1976-01-18,1975,3,POST,1975_POST_03_SB_DAL_PIT,nfl-roy-gerela,Roy Gerela,PIT,DAL,1,2,2,4,"36,18"
1976-01-18,1975,3,POST,1975_POST_03_SB_DAL_PIT,nfl-toni-fritsch,Toni Fritsch,DAL,PIT,2,2,1,1,36
1976-12-18,1976,1,POST,1976_POST_01_DIV_NE_OAK,nfl-errol-mann,Errol Mann,OAK,NE,3,3,1,1,40
1976-12-18,1976,1,POST,1976_POST_01_DIV_NE_OAK,nfl-john-smith-2,John Smith,NE,OAK,3,3,0,1,
1976-12-18,1976,1,POST,1976_POST_01_DIV_WAS_MIN,nfl-fred-cox,Fred Cox,MIN,WAS,5,5,0,0,
1976-12-18,1976,1,POST,1976_POST_01_DIV_WAS_MIN,nfl-mark-moseley,Mark Moseley,WAS,MIN,2,2,2,3,"47,35"
1976-12-19,1976,1,POST,1976_POST_01_DIV_LA_DAL,nfl-efren-herrera,Efren Herrera,DAL,LA,1,1,1,1,44
1976-12-19,1976,1,POST,1976_POST_01_DIV_LA_DAL,nfl-tom-dempsey,Tom Dempsey,LA,DAL,2,2,0,0,
1976-12-19,1976,1,POST,1976_POST_01_DIV_PIT_BAL,nfl-roy-gerela,Roy Gerela,PIT,BAL,3,4,2,2,"45,25"
1976-12-19,1976,1,POST,1976_POST_01_DIV_PIT_BAL,nfl-toni-linhart,Toni Linhart,BAL,PIT,2,2,0,0,
1976-12-26,1976,2,POST,1976_POST_02_CONF_LA_MIN,nfl-fred-cox,Fred Cox,MIN,LA,3,3,1,1,25
1976-12-26,1976,2,POST,1976_POST_02_CONF_LA_MIN,nfl-tom-dempsey,Tom Dempsey,LA,MIN,1,2,0,1,
1976-12-26,1976,2,POST,1976_POST_02_CONF_PIT_OAK,nfl-errol-mann,Errol Mann,OAK,PIT,3,3,1,1,39
1977-01-09,1976,3,POST,1976_POST_03_SB_OAK_MIN,nfl-errol-mann,Errol Mann,OAK,MIN,2,4,2,3,"24,40"
1977-01-09,1976,3,POST,1976_POST_03_SB_OAK_MIN,nfl-fred-cox,Fred Cox,MIN,OAK,2,2,0,0,
1977-12-24,1977,1,POST,1977_POST_01_DIV_OAK_BAL,nfl-errol-mann,Errol Mann,OAK,BAL,4,4,1,2,22
1977-12-24,1977,1,POST,1977_POST_01_DIV_PIT_DEN,nfl-jim-turner-2,Jim Turner,DEN,PIT,4,4,2,2,"44,25"
1977-12-24,1977,1,POST,1977_POST_01_DIV_PIT_DEN,nfl-roy-gerela,Roy Gerela,PIT,DEN,3,3,0,0,
1977-12-26,1977,1,POST,1977_POST_01_DIV_CHI_DAL,nfl-bob-thomas,Bob Thomas,CHI,DAL,1,1,0,0,
1977-12-26,1977,1,POST,1977_POST_01_DIV_CHI_DAL,nfl-efren-herrera,Efren Herrera,DAL,CHI,4,4,3,3,"21,31,27"
1977-12-26,1977,1,POST,1977_POST_01_DIV_MIN_LA,nfl-fred-cox,Fred Cox,MIN,LA,2,2,0,0,
1977-12-26,1977,1,POST,1977_POST_01_DIV_MIN_LA,nfl-rafael-septien,Rafael Septien,LA,MIN,1,1,0,1,
1978-01-01,1977,2,POST,1977_POST_02_CONF_MIN_DAL,nfl-efren-herrera,Efren Herrera,DAL,MIN,2,3,1,1,21
1978-01-01,1977,2,POST,1977_POST_02_CONF_MIN_DAL,nfl-fred-cox,Fred Cox,MIN,DAL,0,0,2,2,"32,37"
1978-01-01,1977,2,POST,1977_POST_02_CONF_OAK_DEN,nfl-errol-mann,Errol Mann,OAK,DEN,2,2,1,2,20
1978-01-01,1977,2,POST,1977_POST_02_CONF_OAK_DEN,nfl-jim-turner-2,Jim Turner,DEN,OAK,2,2,0,3,
1978-01-15,1977,3,POST,1977_POST_03_SB_DAL_DEN,nfl-efren-herrera,Efren Herrera,DAL,DEN,3,3,2,5,"35,43"
1978-01-15,1977,3,POST,1977_POST_03_SB_DAL_DEN,nfl-jim-turner-2,Jim Turner,DEN,DAL,1,1,1,1,47
1978-12-24,1978,1,POST,1978_POST_01_WC_HOU_MIA,nfl-garo-yepremian,Garo Yepremian,MIA,HOU,1,1,0,1,
1978-12-24,1978,1,POST,1978_POST_01_WC_HOU_MIA,nfl-toni-fritsch,Toni Fritsch,HOU,MIA,2,2,1,2,35
1978-12-24,1978,1,POST,1978_POST_01_WC_PHI_ATL,nfl-tim-mazzetti,Tim Mazzetti,ATL,PHI,2,2,0,1,
1978-12-30,1978,2,POST,1978_POST_02_DIV_ATL_DAL,nfl-rafael-septien,Rafael Septien,DAL,ATL,3,3,2,3,"34,48"
1978-12-30,1978,2,POST,1978_POST_02_DIV_ATL_DAL,nfl-tim-mazzetti,Tim Mazzetti,ATL,DAL,2,2,2,2,"42,22"
1978-12-30,1978,2,POST,1978_POST_02_DIV_DEN_PIT,nfl-jim-turner-2,Jim Turner,DEN,PIT,1,1,1,2,37
1978-12-30,1978,2,POST,1978_POST_02_DIV_DEN_PIT,nfl-roy-gerela,Roy Gerela,PIT,DEN,3,4,2,2,"24,27"
1978-12-31,1978,2,POST,1978_POST_02_DIV_HOU_NE,nfl-david-posey,David Posey,NE,HOU,2,2,0,1,
1978-12-31,1978,2,POST,1978_POST_02_DIV_HOU_NE,nfl-toni-fritsch,Toni Fritsch,HOU,NE,4,4,1,1,30
1978-12-31,1978,2,POST,1978_POST_02_DIV_MIN_LA,nfl-frank-corral,Frank Corral,LA,MIN,4,4,2,2,"43,28"
1978-12-31,1978,2,POST,1978_POST_02_DIV_MIN_LA,nfl-rick-danmeier,Rick Danmeier,MIN,LA,1,1,1,1,42
1979-01-07,1978,3,POST,1978_POST_03_CONF_DAL_LA,nfl-frank-corral,Frank Corral,LA,DAL,0,0,0,2,
1979-01-07,1978,3,POST,1978_POST_03_CONF_DAL_LA,nfl-rafael-septien,Rafael Septien,DAL,LA,4,4,0,0,
1979-01-07,1978,3,POST,1978_POST_03_CONF_HOU_PIT,nfl-roy-gerela,Roy Gerela,PIT,HOU,4,4,2,4,"37,22"
1979-01-07,1978,3,POST,1978_POST_03_CONF_HOU_PIT,nfl-toni-fritsch,Toni Fritsch,HOU,PIT,0,0,1,1,19
1979-01-21,1978,4,POST,1978_POST_04_SB_PIT_DAL,nfl-rafael-septien,Rafael Septien,DAL,PIT,4,4,1,1,27
1979-01-21,1978,4,POST,1978_POST_04_SB_PIT_DAL,nfl-roy-gerela,Roy Gerela,PIT,DAL,5,5,0,1,
1979-12-23,1979,1,POST,1979_POST_01_WC_CHI_PHI,nfl-tony-franklin-2,Tony Franklin,PHI,CHI,3,3,2,2,"29,34"
1979-12-23,1979,1,POST,1979_POST_01_WC_DEN_HOU,nfl-toni-fritsch,Toni Fritsch,HOU,DEN,1,1,2,2,"31,20"
1979-12-29,1979,2,POST,1979_POST_02_DIV_HOU_SD,nfl-toni-fritsch,Toni Fritsch,HOU,SD,2,2,1,1,26
1979-12-29,1979,2,POST,1979_POST_02_DIV_PHI_TB,nfl-neil-o-donoghue,Neil O'Donoghue,TB,PHI,3,3,1,1,40
1979-12-29,1979,2,POST,1979_POST_02_DIV_PHI_TB,nfl-tony-franklin-2,Tony Franklin,PHI,TB,2,2,1,2,42
1979-12-30,1979,2,POST,1979_POST_02_DIV_LA_DAL,nfl-frank-corral,Frank Corral,LA,DAL,3,3,0,1,
1979-12-30,1979,2,POST,1979_POST_02_DIV_LA_DAL,nfl-rafael-septien,Rafael Septien,DAL,LA,2,2,1,1,33
1979-12-30,1979,2,POST,1979_POST_02_DIV_MIA_PIT,nfl-matt-bahr,Matt Bahr,PIT,MIA,4,5,0,0,
1979-12-30,1979,2,POST,1979_POST_02_DIV_MIA_PIT,nfl-uwe-von-schamann,Uwe von Schamann,MIA,PIT,2,2,0,0,
1980-01-06,1979,3,POST,1979_POST_03_CONF_HOU_PIT,nfl-matt-bahr,Matt Bahr,PIT,HOU,3,3,2,3,"21,39"
1980-01-06,1979,3,POST,1979_POST_03_CONF_HOU_PIT,nfl-toni-fritsch,Toni Fritsch,HOU,PIT,1,1,2,2,"21,23"
1980-01-06,1979,3,POST,1979_POST_03_CONF_LA_TB,nfl-frank-corral,Frank Corral,LA,TB,0,0,3,4,"19,21,23"
1980-01-20,1979,4,POST,1979_POST_04_SB_LA_PIT,nfl-frank-corral,Frank Corral,LA,PIT,1,2,2,2,"31,45"
1980-01-20,1979,4,POST,1979_POST_04_SB_LA_PIT,nfl-matt-bahr,Matt Bahr,PIT,LA,4,4,1,1,41
1980-12-28,1980,1,POST,1980_POST_01_WC_HOU_OAK,nfl-chris-bahr,Chris Bahr,OAK,HOU,3,3,2,2,"47,37"
1980-12-28,1980,1,POST,1980_POST_01_WC_HOU_OAK,nfl-toni-fritsch,Toni Fritsch,HOU,OAK,1,1,0,2,
1980-12-28,1980,1,POST,1980_POST_01_WC_LA_DAL,nfl-frank-corral,Frank Corral,LA,DAL,1,2,0,0,
1980-12-28,1980,1,POST,1980_POST_01_WC_LA_DAL,nfl-rafael-septien,Rafael Septien,DAL,LA,4,4,2,2,"28,29"
1981-01-03,1980,2,POST,1980_POST_02_DIV_BUF_SD,nfl-nick-mike-mayer,Nick Mike-Mayer,BUF,SD,2,2,0,2,
1981-01-03,1980,2,POST,1980_POST_02_DIV_BUF_SD,nfl-rolf-benirschke,Rolf Benirschke,SD,BUF,2,2,2,3,"22,22"
1981-01-03,1980,2,POST,1980_POST_02_DIV_MIN_PHI,nfl-rick-danmeier,Rick Danmeier,MIN,PHI,2,2,0,0,
1981-01-03,1980,2,POST,1980_POST_02_DIV_MIN_PHI,nfl-tony-franklin-2,Tony Franklin,PHI,MIN,4,4,1,2,33
1981-01-04,1980,2,POST,1980_POST_02_DIV_DAL_ATL,nfl-rafael-septien,Rafael Septien,DAL,ATL,3,3,1,1,38
1981-01-04,1980,2,POST,1980_POST_02_DIV_DAL_ATL,nfl-tim-mazzetti,Tim Mazzetti,ATL,DAL,3,3,2,2,"38,34"
1981-01-04,1980,2,POST,1980_POST_02_DIV_OAK_CLE,nfl-chris-bahr,Chris Bahr,OAK,CLE,2,2,0,0,
1981-01-04,1980,2,POST,1980_POST_02_DIV_OAK_CLE,nfl-don-cockroft,Don Cockroft,CLE,OAK,0,1,2,4,"30,30"
1981-01-11,1980,3,POST,1980_POST_03_CONF_DAL_PHI,nfl-rafael-septien,Rafael Septien,DAL,PHI,1,1,0,0,
1981-01-11,1980,3,POST,1980_POST_03_CONF_DAL_PHI,nfl-tony-franklin-2,Tony Franklin,PHI,DAL,2,2,2,3,"26,20"
1981-01-11,1980,3,POST,1980_POST_03_CONF_OAK_SD,nfl-chris-bahr,Chris Bahr,OAK,SD,4,4,2,2,"27,33"
1981-01-11,1980,3,POST,1980_POST_03_CONF_OAK_SD,nfl-rolf-benirschke,Rolf Benirschke,SD,OAK,3,3,2,2,"26,27"
1981-01-25,1980,4,POST,1980_POST_04_SB_OAK_PHI,nfl-chris-bahr,Chris Bahr,OAK,PHI,3,3,2,3,"46,35"
1981-01-25,1980,4,POST,1980_POST_04_SB_OAK_PHI,nfl-tony-franklin-2,Tony Franklin,PHI,OAK,1,1,1,2,30
1981-12-27,1981,1,POST,1981_POST_01_WC_BUF_NYJ,nfl-nick-mike-mayer,Nick Mike-Mayer,BUF,NYJ,4,4,1,2,29
1981-12-27,1981,1,POST,1981_POST_01_WC_BUF_NYJ,nfl-pat-leahy,Pat Leahy,NYJ,BUF,3,3,2,3,"26,19"
1981-12-27,1981,1,POST,1981_POST_01_WC_NYG_PHI,nfl-joe-danelo,Joe Danelo,NYG,PHI,3,3,0,1,
1981-12-27,1981,1,POST,1981_POST_01_WC_NYG_PHI,nfl-tony-franklin-2,Tony Franklin,PHI,NYG,3,3,0,0,
1982-01-02,1981,2,POST,1981_POST_02_DIV_SD_MIA,nfl-rolf-benirschke,Rolf Benirschke,SD,MIA,5,5,2,4,"32,29"
1982-01-02,1981,2,POST,1981_POST_02_DIV_SD_MIA,nfl-uwe-von-schamann,Uwe von Schamann,MIA,SD,5,5,1,3,34
1982-01-02,1981,2,POST,1981_POST_02_DIV_TB_DAL,nfl-rafael-septien,Rafael Septien,DAL,TB,5,5,1,1,32
1982-01-03,1981,2,POST,1981_POST_02_DIV_BUF_CIN,nfl-jim-breech,Jim Breech,CIN,BUF,4,4,0,1,
1982-01-03,1981,2,POST,1981_POST_02_DIV_BUF_CIN,nfl-nick-mike-mayer,Nick Mike-Mayer,BUF,CIN,3,3,0,0,
1982-01-03,1981,2,POST,1981_POST_02_DIV_NYG_SF,nfl-joe-danelo,Joe Danelo,NYG,SF,3,3,1,2,48
1982-01-03,1981,2,POST,1981_POST_02_DIV_NYG_SF,nfl-ray-wersching,Ray Wersching,SF,NYG,5,5,1,2,22
1982-01-10,1981,3,POST,1981_POST_03_CONF_DAL_SF,nfl-rafael-septien,Rafael Septien,DAL,SF,3,3,2,2,"44,22"
1982-01-10,1981,3,POST,1981_POST_03_CONF_DAL_SF,nfl-ray-wersching,Ray Wersching,SF,DAL,4,4,0,0,
1982-01-10,1981,3,POST,1981_POST_03_CONF_SD_CIN,nfl-jim-breech,Jim Breech,CIN,SD,3,3,2,2,"31,38"
1982-01-10,1981,3,POST,1981_POST_03_CONF_SD_CIN,nfl-rolf-benirschke,Rolf Benirschke,SD,CIN,1,1,0,2,
1982-01-24,1981,4,POST,1981_POST_04_SB_SF_CIN,nfl-jim-breech,Jim Breech,CIN,SF,3,3,0,0,
1982-01-24,1981,4,POST,1981_POST_04_SB_SF_CIN,nfl-ray-wersching,Ray Wersching,SF,CIN,2,2,4,4,"22,26,40,23"
1983-01-08,1982,1,POST,1982_POST_01_R1_CLE_LA,nfl-chris-bahr,Chris Bahr,LA,CLE,3,3,2,3,"27,37"
1983-01-08,1982,1,POST,1982_POST_01_R1_CLE_LA,nfl-matt-bahr,Matt Bahr,CLE,LA,1,1,1,1,52
1983-01-08,1982,1,POST,1982_POST_01_R1_DET_WAS,nfl-eddie-murray,Eddie Murray,DET,WAS,1,1,0,0,
1983-01-08,1982,1,POST,1982_POST_01_R1_DET_WAS,nfl-mark-moseley,Mark Moseley,WAS,DET,4,4,1,2,26
1983-01-08,1982,1,POST,1982_POST_01_R1_NE_MIA,nfl-john-smith-2,John Smith,NE,MIA,1,1,2,2,"23,42"
1983-01-08,1982,1,POST,1982_POST_01_R1_NE_MIA,nfl-uwe-von-schamann,Uwe von Schamann,MIA,NE,4,4,0,1,
1983-01-08,1982,1,POST,1982_POST_01_R1_STL_GB,nfl-jan-stenerud,Jan Stenerud,GB,STL,5,5,2,2,"46,34"
1983-01-08,1982,1,POST,1982_POST_01_R1_STL_GB,nfl-neil-o-donoghue,Neil O'Donoghue,STL,GB,1,2,1,4,18
1983-01-09,1982,1,POST,1982_POST_01_R1_ATL_MIN,nfl-mick-luckhurst,Mick Luckhurst,ATL,MIN,3,3,1,1,41
1983-01-09,1982,1,POST,1982_POST_01_R1_ATL_MIN,nfl-rick-danmeier,Rick Danmeier,MIN,ATL,3,3,3,3,"33,30,39"
1983-01-09,1982,1,POST,1982_POST_01_R1_NYJ_CIN,nfl-jim-breech,Jim Breech,CIN,NYJ,2,2,1,2,20
1983-01-09,1982,1,POST,1982_POST_01_R1_NYJ_CIN,nfl-pat-leahy,Pat Leahy,NYJ,CIN,5,5,3,3,"33,24,47"
1983-01-09,1982,1,POST,1982_POST_01_R1_SD_PIT,nfl-gary-anderson,Gary Anderson,PIT,SD,4,4,0,0,
1983-01-09,1982,1,POST,1982_POST_01_R1_SD_PIT,nfl-rolf-benirschke,Rolf Benirschke,SD,PIT,4,4,1,1,25
1983-01-09,1982,1,POST,1982_POST_01_R1_TB_DAL,nfl-bill-capece,Bill Capece,TB,DAL,2,2,1,1,32
1983-01-09,1982,1,POST,1982_POST_01_R1_TB_DAL,nfl-rafael-septien,Rafael Septien,DAL,TB,3,3,3,3,"33,33,19"
1983-01-15,1982,2,POST,1982_POST_02_R2_MIN_WAS,nfl-mark-moseley,Mark Moseley,WAS,MIN,3,3,0,2,
1983-01-15,1982,2,POST,1982_POST_02_R2_MIN_WAS,nfl-rick-danmeier,Rick Danmeier,MIN,WAS,1,1,0,1,
1983-01-15,1982,2,POST,1982_POST_02_R2_NYJ_LA,nfl-chris-bahr,Chris Bahr,LA,NYJ,2,2,0,1,
1983-01-15,1982,2,POST,1982_POST_02_R2_NYJ_LA,nfl-pat-leahy,Pat Leahy,NYJ,LA,2,2,1,2,30
1983-01-16,1982,2,POST,1982_POST_02_R2_GB_DAL,nfl-jan-stenerud,Jan Stenerud,GB,DAL,2,3,2,2,"30,33"
1983-01-16,1982,2,POST,1982_POST_02_R2_GB_DAL,nfl-rafael-septien,Rafael Septien,DAL,GB,4,4,3,3,"50,34,24"
1983-01-16,1982,2,POST,1982_POST_02_R2_SD_MIA,nfl-rolf-benirschke,Rolf Benirschke,SD,MIA,1,2,0,0,
1983-01-16,1982,2,POST,1982_POST_02_R2_SD_MIA,nfl-uwe-von-schamann,Uwe von Schamann,MIA,SD,4,4,2,2,"24,23"
1983-01-22,1982,3,POST,1982_POST_03_CONF_DAL_WAS,nfl-mark-moseley,Mark Moseley,WAS,DAL,4,4,1,2,29
1983-01-22,1982,3,POST,1982_POST_03_CONF_DAL_WAS,nfl-rafael-septien,Rafael Septien,DAL,WAS,2,2,1,2,27
1983-01-23,1982,3,POST,1982_POST_03_CONF_NYJ_MIA,nfl-uwe-von-schamann,Uwe von Schamann,MIA,NYJ,2,2,0,0,
1983-01-30,1982,4,POST,1982_POST_04_SB_MIA_WAS,nfl-mark-moseley,Mark Moseley,WAS,MIA,3,3,2,2,"31,20"
1983-01-30,1982,4,POST,1982_POST_04_SB_MIA_WAS,nfl-uwe-von-schamann,Uwe von Schamann,MIA,WAS,2,2,1,1,20
1983-12-24,1983,1,POST,1983_POST_01_WC_DEN_SEA,nfl-norm-johnson,Norm Johnson,SEA,DEN,4,4,1,1,37
1983-12-24,1983,1,POST,1983_POST_01_WC_DEN_SEA,nfl-rich-karlis,Rich Karlis,DEN,SEA,1,1,0,0,
1983-12-26,1983,1,POST,1983_POST_01_WC_LA_DAL,nfl-mike-lansford,Mike Lansford,LA,DAL,3,3,1,1,20
1983-12-26,1983,1,POST,1983_POST_01_WC_LA_DAL,nfl-rafael-septien,Rafael Septien,DAL,LA,2,2,1,1,41
1983-12-31,1983,2,POST,1983_POST_02_DIV_DET_SF,nfl-eddie-murray,Eddie Murray,DET,SF,2,2,3,5,"37,21,54"
1983-12-31,1983,2,POST,1983_POST_02_DIV_DET_SF,nfl-ray-wersching,Ray Wersching,SF,DET,3,3,1,3,19
1983-12-31,1983,2,POST,1983_POST_02_DIV_SEA_MIA,nfl-norm-johnson,Norm Johnson,SEA,MIA,3,3,2,3,"27,37"
1983-12-31,1983,2,POST,1983_POST_02_DIV_SEA_MIA,nfl-uwe-von-schamann,Uwe von Schamann,MIA,SEA,2,3,0,0,
1984-01-01,1983,2,POST,1983_POST_02_DIV_LA_WAS,nfl-mark-moseley,Mark Moseley,WAS,LA,6,6,3,3,"42,36,41"
1984-01-01,1983,2,POST,1983_POST_02_DIV_LA_WAS,nfl-mike-lansford,Mike Lansford,LA,WAS,1,1,0,0,
1984-01-01,1983,2,POST,1983_POST_02_DIV_PIT_LA,nfl-chris-bahr,Chris Bahr,LA,PIT,5,5,1,1,45
1984-01-01,1983,2,POST,1983_POST_02_DIV_PIT_LA,nfl-gary-anderson,Gary Anderson,PIT,LA,1,1,1,1,17
1984-01-08,1983,3,POST,1983_POST_03_CONF_SEA_LA,nfl-chris-bahr,Chris Bahr,LA,SEA,3,3,3,3,"20,45,35"
1984-01-08,1983,3,POST,1983_POST_03_CONF_SEA_LA,nfl-norm-johnson,Norm Johnson,SEA,LA,2,2,0,0,
1984-01-08,1983,3,POST,1983_POST_03_CONF_SF_WAS,nfl-mark-moseley,Mark Moseley,WAS,SF,3,3,1,5,25
1984-01-08,1983,3,POST,1983_POST_03_CONF_SF_WAS,nfl-ray-wersching,Ray Wersching,SF,WAS,3,3,0,2,
1984-01-22,1983,4,POST,1983_POST_04_SB_WAS_LA,nfl-chris-bahr,Chris Bahr,LA,WAS,5,5,1,1,21
1984-01-22,1983,4,POST,1983_POST_04_SB_WAS_LA,nfl-mark-moseley,Mark Moseley,WAS,LA,0,1,1,2,24
1984-12-22,1984,1,POST,1984_POST_01_WC_LA_SEA,nfl-chris-bahr,Chris Bahr,LA,SEA,1,1,0,0,
1984-12-22,1984,1,POST,1984_POST_01_WC_LA_SEA,nfl-norm-johnson,Norm Johnson,SEA,LA,1,1,2,2,"35,44"
1984-12-23,1984,1,POST,1984_POST_01_WC_NYG_LA,nfl-ali-haji-sheikh,Ali Haji-Sheikh,NYG,LA,1,1,3,3,"37,39,36"
1984-12-23,1984,1,POST,1984_POST_01_WC_NYG_LA,nfl-mike-lansford,Mike Lansford,LA,NYG,1,1,2,2,"38,22"
1984-12-29,1984,2,POST,1984_POST_02_DIV_NYG_SF,nfl-ali-haji-sheikh,Ali Haji-Sheikh,NYG,SF,1,1,1,2,46
1984-12-29,1984,2,POST,1984_POST_02_DIV_NYG_SF,nfl-ray-wersching,Ray Wersching,SF,NYG,3,3,0,2,
1984-12-29,1984,2,POST,1984_POST_02_DIV_SEA_MIA,nfl-norm-johnson,Norm Johnson,SEA,MIA,1,1,1,2,27
1984-12-29,1984,2,POST,1984_POST_02_DIV_SEA_MIA,nfl-uwe-von-schamann,Uwe von Schamann,MIA,SEA,4,4,1,3,37
1984-12-30,1984,2,POST,1984_POST_02_DIV_CHI_WAS,nfl-bob-thomas,Bob Thomas,CHI,WAS,2,3,1,1,34
1984-12-30,1984,2,POST,1984_POST_02_DIV_CHI_WAS,nfl-mark-moseley,Mark Moseley,WAS,CHI,2,2,1,2,25
1984-12-30,1984,2,POST,1984_POST_02_DIV_PIT_DEN,nfl-gary-anderson,Gary Anderson,PIT,DEN,3,3,1,4,28
1984-12-30,1984,2,POST,1984_POST_02_DIV_PIT_DEN,nfl-rich-karlis,Rich Karlis,DEN,PIT,2,2,1,3,21
1985-01-06,1984,3,POST,1984_POST_03_CONF_CHI_SF,nfl-bob-thomas,Bob Thomas,CHI,SF,0,0,0,1,
1985-01-06,1984,3,POST,1984_POST_03_CONF_CHI_SF,nfl-ray-wersching,Ray Wersching,SF,CHI,2,2,3,3,"21,22,34"
1985-01-06,1984,3,POST,1984_POST_03_CONF_PIT_MIA,nfl-gary-anderson,Gary Anderson,PIT,MIA,4,4,0,1,
1985-01-06,1984,3,POST,1984_POST_03_CONF_PIT_MIA,nfl-uwe-von-schamann,Uwe von Schamann,MIA,PIT,6,6,1,2,26
1985-01-20,1984,4,POST,1984_POST_04_SB_MIA_SF,nfl-ray-wersching,Ray Wersching,SF,MIA,5,5,1,1,27
1985-01-20,1984,4,POST,1984_POST_04_SB_MIA_SF,nfl-uwe-von-schamann,Uwe von Schamann,MIA,SF,1,1,3,3,"37,31,30"
1985-12-28,1985,1,POST,1985_POST_01_WC_NE_NYJ,nfl-pat-leahy,Pat Leahy,NYJ,NE,2,2,0,0,
1985-12-28,1985,1,POST,1985_POST_01_WC_NE_NYJ,nfl-tony-franklin-2,Tony Franklin,NE,NYJ,2,2,4,5,"33,41,20,26"
1985-12-29,1985,1,POST,1985_POST_01_WC_SF_NYG,nfl-eric-schubert,Eric Schubert,NYG,SF,2,2,1,4,47
1985-12-29,1985,1,POST,1985_POST_01_WC_SF_NYG,nfl-ray-wersching,Ray Wersching,SF,NYG,0,0,1,1,21
1986-01-04,1985,2,POST,1985_POST_02_DIV_CLE_MIA,nfl-fuad-reveiz,Fuad Reveiz,MIA,CLE,3,3,1,2,51
1986-01-04,1985,2,POST,1985_POST_02_DIV_CLE_MIA,nfl-matt-bahr,Matt Bahr,CLE,MIA,3,3,0,0,
1986-01-04,1985,2,POST,1985_POST_02_DIV_DAL_LA,nfl-mike-lansford,Mike Lansford,LA,DAL,2,2,2,2,"33,34"
1986-01-05,1985,2,POST,1985_POST_02_DIV_NE_LA,nfl-chris-bahr,Chris Bahr,LA,NE,2,2,2,3,"29,32"
1986-01-05,1985,2,POST,1985_POST_02_DIV_NE_LA,nfl-tony-franklin-2,Tony Franklin,NE,LA,3,3,2,2,"45,32"
1986-01-05,1985,2,POST,1985_POST_02_DIV_NYG_CHI,nfl-eric-schubert,Eric Schubert,NYG,CHI,0,0,0,1,
1986-01-05,1985,2,POST,1985_POST_02_DIV_NYG_CHI,nfl-kevin-butler,Kevin Butler,CHI,NYG,3,3,0,3,
1986-01-12,1985,3,POST,1985_POST_03_CONF_LA_CHI,nfl-kevin-butler,Kevin Butler,CHI,LA,3,3,1,1,34
1986-01-12,1985,3,POST,1985_POST_03_CONF_NE_MIA,nfl-fuad-reveiz,Fuad Reveiz,MIA,NE,2,2,0,1,
1986-01-12,1985,3,POST,1985_POST_03_CONF_NE_MIA,nfl-tony-franklin-2,Tony Franklin,NE,MIA,4,4,1,2,23
1986-01-26,1985,4,POST,1985_POST_04_SB_CHI_NE,nfl-kevin-butler,Kevin Butler,CHI,NE,5,5,3,3,"28,24,24"
1986-01-26,1985,4,POST,1985_POST_04_SB_CHI_NE,nfl-tony-franklin-2,Tony Franklin,NE,CHI,1,1,1,1,36
1986-12-28,1986,1,POST,1986_POST_01_WC_KC_NYJ,nfl-nick-lowery,Nick Lowery,KC,NYJ,1,2,0,0,
1986-12-28,1986,1,POST,1986_POST_01_WC_KC_NYJ,nfl-pat-leahy,Pat Leahy,NYJ,KC,5,5,0,0,
1986-12-28,1986,1,POST,1986_POST_01_WC_LA_WAS,nfl-jess-atkinson,Jess Atkinson,WAS,LA,1,1,4,4,"25,20,38,19"
1986-12-28,1986,1,POST,1986_POST_01_WC_LA_WAS,nfl-mike-lansford,Mike Lansford,LA,WAS,1,1,0,1,
1987-01-03,1986,2,POST,1986_POST_02_DIV_NYJ_CLE,nfl-mark-moseley,Mark Moseley,CLE,NYJ,2,2,3,6,"38,22,27"
1987-01-03,1986,2,POST,1986_POST_02_DIV_NYJ_CLE,nfl-pat-leahy,Pat Leahy,NYJ,CLE,2,2,2,2,"46,37"
1987-01-03,1986,2,POST,1986_POST_02_DIV_WAS_CHI,nfl-jess-atkinson,Jess Atkinson,WAS,CHI,3,3,2,2,"35,25"
1987-01-03,1986,2,POST,1986_POST_02_DIV_WAS_CHI,nfl-kevin-butler,Kevin Butler,CHI,WAS,1,1,2,3,"23,41"
1987-01-04,1986,2,POST,1986_POST_02_DIV_NE_DEN,nfl-rich-karlis,Rich Karlis,DEN,NE,2,2,2,2,"27,22"
1987-01-04,1986,2,POST,1986_POST_02_DIV_NE_DEN,nfl-tony-franklin-2,Tony Franklin,NE,DEN,2,2,1,1,38
1987-01-04,1986,2,POST,1986_POST_02_DIV_SF_NYG,nfl-raul-allegre,Raul Allegre,NYG,SF,7,7,0,0,
1987-01-04,1986,2,POST,1986_POST_02_DIV_SF_NYG,nfl-ray-wersching,Ray Wersching,SF,NYG,0,0,1,1,26
1987-01-11,1986,3,POST,1986_POST_03_CONF_DEN_CLE,nfl-mark-moseley,Mark Moseley,CLE,DEN,2,2,2,2,"29,24"
1987-01-11,1986,3,POST,1986_POST_03_CONF_DEN_CLE,nfl-rich-karlis,Rich Karlis,DEN,CLE,2,2,3,3,"19,26,33"
1987-01-11,1986,3,POST,1986_POST_03_CONF_WAS_NYG,nfl-raul-allegre,Raul Allegre,NYG,WAS,2,2,1,1,47
1987-01-25,1986,4,POST,1986_POST_04_SB_DEN_NYG,nfl-raul-allegre,Raul Allegre,NYG,DEN,4,5,1,1,21
1987-01-25,1986,4,POST,1986_POST_04_SB_DEN_NYG,nfl-rich-karlis,Rich Karlis,DEN,NYG,2,2,2,4,"48,28"
1988-01-03,1987,1,POST,1987_POST_01_WC_MIN_NO,nfl-chuck-nelson,Chuck Nelson,MIN,NO,5,5,3,3,"42,32,19"
1988-01-03,1987,1,POST,1987_POST_01_WC_MIN_NO,nfl-morten-andersen,Morten Andersen,NO,MIN,1,1,1,1,40
1988-01-03,1987,1,POST,1987_POST_01_WC_SEA_HOU,nfl-norm-johnson,Norm Johnson,SEA,HOU,2,2,2,2,"33,41"
1988-01-03,1987,1,POST,1987_POST_01_WC_SEA_HOU,nfl-tony-zendejas,Tony Zendejas,HOU,SEA,2,2,3,5,"47,49,42"
1988-01-09,1987,2,POST,1987_POST_02_DIV_IND_CLE,nfl-dean-biasucci,Dean Biasucci,IND,CLE,3,3,0,0,
1988-01-09,1987,2,POST,1987_POST_02_DIV_IND_CLE,nfl-matt-bahr,Matt Bahr,CLE,IND,5,5,1,1,22
1988-01-09,1987,2,POST,1987_POST_02_DIV_MIN_SF,nfl-chuck-nelson,Chuck Nelson,MIN,SF,3,3,5,5,"21,23,40,46,23"
1988-01-09,1987,2,POST,1987_POST_02_DIV_MIN_SF,nfl-ray-wersching,Ray Wersching,SF,MIN,3,3,1,3,43
1988-01-10,1987,2,POST,1987_POST_02_DIV_HOU_DEN,nfl-rich-karlis,Rich Karlis,DEN,HOU,4,4,2,2,"43,23"
1988-01-10,1987,2,POST,1987_POST_02_DIV_HOU_DEN,nfl-tony-zendejas,Tony Zendejas,HOU,DEN,1,1,1,1,46
1988-01-10,1987,2,POST,1987_POST_02_DIV_WAS_CHI,nfl-ali-haji-sheikh,Ali Haji-Sheikh,WAS,CHI,3,3,0,0,
1988-01-10,1987,2,POST,1987_POST_02_DIV_WAS_CHI,nfl-kevin-butler,Kevin Butler,CHI,WAS,2,2,1,2,25
1988-01-17,1987,3,POST,1987_POST_03_CONF_CLE_DEN,nfl-matt-bahr,Matt Bahr,CLE,DEN,4,4,1,2,24
1988-01-17,1987,3,POST,1987_POST_03_CONF_CLE_DEN,nfl-rich-karlis,Rich Karlis,DEN,CLE,5,5,1,2,38
1988-01-17,1987,3,POST,1987_POST_03_CONF_MIN_WAS,nfl-ali-haji-sheikh,Ali Haji-Sheikh,WAS,MIN,2,2,1,3,28
1988-01-17,1987,3,POST,1987_POST_03_CONF_MIN_WAS,nfl-chuck-nelson,Chuck Nelson,MIN,WAS,1,1,1,1,18
1988-01-31,1987,4,POST,1987_POST_04_SB_WAS_DEN,nfl-ali-haji-sheikh,Ali Haji-Sheikh,WAS,DEN,6,6,0,1,
1988-01-31,1987,4,POST,1987_POST_04_SB_WAS_DEN,nfl-rich-karlis,Rich Karlis,DEN,WAS,1,1,1,2,24
1988-12-24,1988,1,POST,1988_POST_01_WC_HOU_CLE,nfl-matt-bahr,Matt Bahr,CLE,HOU,2,2,3,3,"33,26,28"
1988-12-24,1988,1,POST,1988_POST_01_WC_HOU_CLE,nfl-tony-zendejas,Tony Zendejas,HOU,CLE,3,3,1,1,49
1988-12-26,1988,1,POST,1988_POST_01_WC_LA_MIN,nfl-chuck-nelson,Chuck Nelson,MIN,LA,4,4,0,1,
1988-12-26,1988,1,POST,1988_POST_01_WC_LA_MIN,nfl-mike-lansford,Mike Lansford,LA,MIN,2,2,1,2,43
1988-12-31,1988,2,POST,1988_POST_02_DIV_PHI_CHI,nfl-kevin-butler,Kevin Butler,CHI,PHI,2,2,2,4,"46,27"
1988-12-31,1988,2,POST,1988_POST_02_DIV_SEA_CIN,nfl-jim-breech,Jim Breech,CIN,SEA,3,3,0,0,
1988-12-31,1988,2,POST,1988_POST_02_DIV_SEA_CIN,nfl-norm-johnson,Norm Johnson,SEA,CIN,1,2,0,0,
1989-01-01,1988,2,POST,1988_POST_02_DIV_HOU_BUF,nfl-scott-norwood,Scott Norwood,BUF,HOU,2,2,1,3,27
1989-01-01,1988,2,POST,1988_POST_02_DIV_HOU_BUF,nfl-tony-zendejas,Tony Zendejas,HOU,BUF,1,1,1,3,35
1989-01-01,1988,2,POST,1988_POST_02_DIV_MIN_SF,nfl-chuck-nelson,Chuck Nelson,MIN,SF,0,1,1,1,47
1989-01-01,1988,2,POST,1988_POST_02_DIV_MIN_SF,nfl-mike-cofer,Mike Cofer,SF,MIN,4,5,0,1,
1989-01-08,1988,3,POST,1988_POST_03_CONF_BUF_CIN,nfl-jim-breech,Jim Breech,CIN,BUF,3,3,0,0,
1989-01-08,1988,3,POST,1988_POST_03_CONF_BUF_CIN,nfl-scott-norwood,Scott Norwood,BUF,CIN,1,1,1,2,39
1989-01-08,1988,3,POST,1988_POST_03_CONF_SF_CHI,nfl-kevin-butler,Kevin Butler,CHI,SF,0,0,1,1,25
1989-01-08,1988,3,POST,1988_POST_03_CONF_SF_CHI,nfl-mike-cofer,Mike Cofer,SF,CHI,4,4,0,0,
1989-01-22,1988,4,POST,1988_POST_04_SB_CIN_SF,nfl-jim-breech,Jim Breech,CIN,SF,1,1,3,3,"34,43,40"
1989-01-22,1988,4,POST,1988_POST_04_SB_CIN_SF,nfl-mike-cofer,Mike Cofer,SF,CIN,2,2,2,4,"41,32"
1989-12-31,1989,1,POST,1989_POST_01_WC_LA_PHI,nfl-mike-lansford,Mike Lansford,LA,PHI,3,3,0,1,
1989-12-31,1989,1,POST,1989_POST_01_WC_PIT_HOU,nfl-gary-anderson,Gary Anderson,PIT,HOU,2,2,4,4,"25,30,48,50"
1989-12-31,1989,1,POST,1989_POST_01_WC_PIT_HOU,nfl-tony-zendejas,Tony Zendejas,HOU,PIT,2,2,3,4,"26,35,26"
1990-01-06,1989,2,POST,1989_POST_02_DIV_BUF_CLE,nfl-matt-bahr,Matt Bahr,CLE,BUF,4,4,2,3,"45,47"
1990-01-06,1989,2,POST,1989_POST_02_DIV_BUF_CLE,nfl-scott-norwood,Scott Norwood,BUF,CLE,3,4,1,1,30
1990-01-06,1989,2,POST,1989_POST_02_DIV_MIN_SF,nfl-mike-cofer,Mike Cofer,SF,MIN,5,6,0,2,
1990-01-06,1989,2,POST,1989_POST_02_DIV_MIN_SF,nfl-rich-karlis,Rich Karlis,MIN,SF,1,1,2,2,"38,44"
1990-01-07,1989,2,POST,1989_POST_02_DIV_LA_NYG,nfl-mike-lansford,Mike Lansford,LA,NYG,1,1,2,2,"31,22"
1990-01-07,1989,2,POST,1989_POST_02_DIV_LA_NYG,nfl-raul-allegre,Raul Allegre,NYG,LA,1,1,2,2,"35,41"
1990-01-07,1989,2,POST,1989_POST_02_DIV_PIT_DEN,nfl-david-treadwell,David Treadwell,DEN,PIT,3,3,1,1,43
1990-01-07,1989,2,POST,1989_POST_02_DIV_PIT_DEN,nfl-gary-anderson,Gary Anderson,PIT,DEN,2,2,3,3,"32,35,32"
1990-01-14,1989,3,POST,1989_POST_03_CONF_CLE_DEN,nfl-david-treadwell,David Treadwell,DEN,CLE,4,4,3,4,"29,34,31"
1990-01-14,1989,3,POST,1989_POST_03_CONF_CLE_DEN,nfl-matt-bahr,Matt Bahr,CLE,DEN,3,3,0,0,
1990-01-14,1989,3,POST,1989_POST_03_CONF_LA_SF,nfl-mike-cofer,Mike Cofer,SF,LA,3,3,3,4,"28,36,25"
1990-01-14,1989,3,POST,1989_POST_03_CONF_LA_SF,nfl-mike-lansford,Mike Lansford,LA,SF,0,0,1,1,23
1990-01-28,1989,4,POST,1989_POST_04_SB_SF_DEN,nfl-david-treadwell,David Treadwell,DEN,SF,1,1,1,1,42
1990-01-28,1989,4,POST,1989_POST_04_SB_SF_DEN,nfl-mike-cofer,Mike Cofer,SF,DEN,7,8,0,0,
1991-01-05,1990,1,POST,1990_POST_01_WC_KC_MIA,nfl-nick-lowery,Nick Lowery,KC,MIA,1,1,3,4,"27,25,38"
1991-01-05,1990,1,POST,1990_POST_01_WC_KC_MIA,nfl-pete-stoyanovich,Pete Stoyanovich,MIA,KC,2,2,1,2,58
1991-01-05,1990,1,POST,1990_POST_01_WC_WAS_PHI,nfl-chip-lohmiller,Chip Lohmiller,WAS,PHI,2,2,2,2,"20,19"
1991-01-05,1990,1,POST,1990_POST_01_WC_WAS_PHI,nfl-roger-ruzek,Roger Ruzek,PHI,WAS,0,0,2,2,"37,28"
1991-01-06,1990,1,POST,1990_POST_01_WC_HOU_CIN,nfl-jim-breech,Jim Breech,CIN,HOU,5,5,2,2,"27,30"
1991-01-06,1990,1,POST,1990_POST_01_WC_HOU_CIN,nfl-teddy-garcia,Teddy Garcia,HOU,CIN,2,2,0,0,
1991-01-06,1990,1,POST,1990_POST_01_WC_NO_CHI,nfl-kevin-butler,Kevin Butler,CHI,NO,1,1,3,4,"19,22,21"
1991-01-06,1990,1,POST,1990_POST_01_WC_NO_CHI,nfl-morten-andersen,Morten Andersen,NO,CHI,0,0,2,4,"47,38"
1991-01-12,1990,2,POST,1990_POST_02_DIV_MIA_BUF,nfl-pete-stoyanovich,Pete Stoyanovich,MIA,BUF,4,4,2,2,"49,22"
1991-01-12,1990,2,POST,1990_POST_02_DIV_MIA_BUF,nfl-scott-norwood,Scott Norwood,BUF,MIA,5,5,3,3,"24,22,28"
1991-01-12,1990,2,POST,1990_POST_02_DIV_WAS_SF,nfl-chip-lohmiller,Chip Lohmiller,WAS,SF,1,1,1,1,44
1991-01-12,1990,2,POST,1990_POST_02_DIV_WAS_SF,nfl-mike-cofer,Mike Cofer,SF,WAS,4,4,0,0,
1991-01-13,1990,2,POST,1990_POST_02_DIV_CHI_NYG,nfl-kevin-butler,Kevin Butler,CHI,NYG,0,0,1,1,33
1991-01-13,1990,2,POST,1990_POST_02_DIV_CHI_NYG,nfl-matt-bahr,Matt Bahr,NYG,CHI,4,4,1,1,46
1991-01-13,1990,2,POST,1990_POST_02_DIV_CIN_LA,nfl-jeff-jaeger,Jeff Jaeger,LA,CIN,2,2,2,2,"49,25"
1991-01-13,1990,2,POST,1990_POST_02_DIV_CIN_LA,nfl-jim-breech,Jim Breech,CIN,LA,1,1,1,1,27
1991-01-20,1990,3,POST,1990_POST_03_CONF_LA_BUF,nfl-jeff-jaeger,Jeff Jaeger,LA,BUF,0,0,1,1,41
1991-01-20,1990,3,POST,1990_POST_03_CONF_LA_BUF,nfl-scott-norwood,Scott Norwood,BUF,LA,6,7,1,2,39
1991-01-20,1990,3,POST,1990_POST_03_CONF_NYG_SF,nfl-matt-bahr,Matt Bahr,NYG,SF,0,0,5,6,"28,42,46,38,42"
1991-01-20,1990,3,POST,1990_POST_03_CONF_NYG_SF,nfl-mike-cofer,Mike Cofer,SF,NYG,1,1,2,2,"47,35"
1991-01-27,1990,4,POST,1990_POST_04_SB_BUF_NYG,nfl-matt-bahr,Matt Bahr,NYG,BUF,2,2,2,2,"28,21"
1991-01-27,1990,4,POST,1990_POST_04_SB_BUF_NYG,nfl-scott-norwood,Scott Norwood,BUF,NYG,2,2,1,2,23
1991-12-28,1991,1,POST,1991_POST_01_WC_ATL_NO,nfl-morten-andersen,Morten Andersen,NO,ATL,2,2,2,2,"45,35"
1991-12-28,1991,1,POST,1991_POST_01_WC_ATL_NO,nfl-norm-johnson,Norm Johnson,ATL,NO,3,3,2,3,"44,36"
1991-12-28,1991,1,POST,1991_POST_01_WC_LA_KC,nfl-jeff-jaeger,Jeff Jaeger,LA,KC,0,0,2,2,"32,26"
1991-12-28,1991,1,POST,1991_POST_01_WC_LA_KC,nfl-nick-lowery,Nick Lowery,KC,LA,1,1,1,3,18
1991-12-29,1991,1,POST,1991_POST_01_WC_DAL_CHI,nfl-ken-willis,Ken Willis,DAL,CHI,2,2,1,3,27
1991-12-29,1991,1,POST,1991_POST_01_WC_DAL_CHI,nfl-kevin-butler,Kevin Butler,CHI,DAL,1,1,2,2,"19,43"
1991-12-29,1991,1,POST,1991_POST_01_WC_NYJ_HOU,nfl-al-del-greco,Al Del Greco,HOU,NYJ,2,2,1,2,53
1992-01-04,1991,2,POST,1991_POST_02_DIV_ATL_WAS,nfl-chip-lohmiller,Chip Lohmiller,WAS,ATL,3,3,1,4,24
1992-01-04,1991,2,POST,1991_POST_02_DIV_ATL_WAS,nfl-norm-johnson,Norm Johnson,ATL,WAS,1,1,0,1,
1992-01-04,1991,2,POST,1991_POST_02_DIV_HOU_DEN,nfl-al-del-greco,Al Del Greco,HOU,DEN,3,3,1,2,25
1992-01-04,1991,2,POST,1991_POST_02_DIV_HOU_DEN,nfl-david-treadwell,David Treadwell,DEN,HOU,2,3,2,2,"49,28"
1992-01-05,1991,2,POST,1991_POST_02_DIV_DAL_DET,nfl-eddie-murray,Eddie Murray,DET,DAL,5,5,1,1,36
1992-01-05,1991,2,POST,1991_POST_02_DIV_DAL_DET,nfl-ken-willis,Ken Willis,DAL,DET,0,0,2,2,"28,28"
1992-01-05,1991,2,POST,1991_POST_02_DIV_KC_BUF,nfl-nick-lowery,Nick Lowery,KC,BUF,2,2,0,0,
1992-01-05,1991,2,POST,1991_POST_02_DIV_KC_BUF,nfl-scott-norwood,Scott Norwood,BUF,KC,4,4,3,3,"33,20,47"
1992-01-12,1991,3,POST,1991_POST_03_CONF_DEN_BUF,nfl-david-treadwell,David Treadwell,DEN,BUF,1,1,0,3,
1992-01-12,1991,3,POST,1991_POST_03_CONF_DEN_BUF,nfl-scott-norwood,Scott Norwood,BUF,DEN,1,1,1,1,44
1992-01-12,1991,3,POST,1991_POST_03_CONF_DET_WAS,nfl-chip-lohmiller,Chip Lohmiller,WAS,DET,5,5,2,3,"20,28"
1992-01-12,1991,3,POST,1991_POST_03_CONF_DET_WAS,nfl-eddie-murray,Eddie Murray,DET,WAS,1,1,1,2,30
1992-01-26,1991,4,POST,1991_POST_04_SB_WAS_BUF,nfl-chip-lohmiller,Chip Lohmiller,WAS,BUF,4,4,3,3,"34,25,39"
1992-01-26,1991,4,POST,1991_POST_04_SB_WAS_BUF,nfl-scott-norwood,Scott Norwood,BUF,WAS,3,3,1,1,21
1993-01-02,1992,1,POST,1992_POST_01_WC_KC_SD,nfl-john-carney,John Carney,SD,KC,2,2,1,2,34
1993-01-02,1992,1,POST,1992_POST_01_WC_WAS_MIN,nfl-chip-lohmiller,Chip Lohmiller,WAS,MIN,3,3,1,3,44
1993-01-02,1992,1,POST,1992_POST_01_WC_WAS_MIN,nfl-fuad-reveiz,Fuad Reveiz,MIN,WAS,1,1,0,0,
1993-01-03,1992,1,POST,1992_POST_01_WC_HOU_BUF,nfl-al-del-greco,Al Del Greco,HOU,BUF,5,5,1,1,26
1993-01-03,1992,1,POST,1992_POST_01_WC_HOU_BUF,nfl-steve-christie,Steve Christie,BUF,HOU,5,5,2,2,"36,32"
1993-01-03,1992,1,POST,1992_POST_01_WC_PHI_NO,nfl-morten-andersen,Morten Andersen,NO,PHI,2,2,2,2,"35,42"
1993-01-03,1992,1,POST,1992_POST_01_WC_PHI_NO,nfl-roger-ruzek,Roger Ruzek,PHI,NO,4,4,2,2,"40,39"
1993-01-09,1992,2,POST,1992_POST_02_DIV_BUF_PIT,nfl-gary-anderson,Gary Anderson,PIT,BUF,0,0,1,1,38
1993-01-09,1992,2,POST,1992_POST_02_DIV_BUF_PIT,nfl-steve-christie,Steve Christie,BUF,PIT,3,3,1,1,43
1993-01-09,1992,2,POST,1992_POST_02_DIV_WAS_SF,nfl-chip-lohmiller,Chip Lohmiller,WAS,SF,1,1,2,2,"19,32"
1993-01-09,1992,2,POST,1992_POST_02_DIV_WAS_SF,nfl-mike-cofer,Mike Cofer,SF,WAS,2,2,2,2,"23,33"
1993-01-10,1992,2,POST,1992_POST_02_DIV_PHI_DAL,nfl-lin-elliott,Lin Elliott,DAL,PHI,4,4,2,2,"20,43"
1993-01-10,1992,2,POST,1992_POST_02_DIV_PHI_DAL,nfl-roger-ruzek,Roger Ruzek,PHI,DAL,1,1,1,1,32
1993-01-10,1992,2,POST,1992_POST_02_DIV_SD_MIA,nfl-pete-stoyanovich,Pete Stoyanovich,MIA,SD,4,4,1,1,22
1993-01-17,1992,3,POST,1992_POST_03_CONF_BUF_MIA,nfl-pete-stoyanovich,Pete Stoyanovich,MIA,BUF,1,1,1,1,51
1993-01-17,1992,3,POST,1992_POST_03_CONF_BUF_MIA,nfl-steve-christie,Steve Christie,BUF,MIA,2,2,5,6,"21,33,21,31,38"
1993-01-17,1992,3,POST,1992_POST_03_CONF_DAL_SF,nfl-lin-elliott,Lin Elliott,DAL,SF,3,4,1,2,20
1993-01-17,1992,3,POST,1992_POST_03_CONF_DAL_SF,nfl-mike-cofer,Mike Cofer,SF,DAL,2,2,2,3,"28,42"
1993-01-31,1992,4,POST,1992_POST_04_SB_BUF_DAL,nfl-lin-elliott,Lin Elliott,DAL,BUF,7,7,1,1,20
1993-01-31,1992,4,POST,1992_POST_04_SB_BUF_DAL,nfl-steve-christie,Steve Christie,BUF,DAL,2,2,1,1,21
1994-01-08,1993,1,POST,1993_POST_01_WC_GB_DET,nfl-chris-jacke,Chris Jacke,GB,DET,4,4,0,0,
1994-01-08,1993,1,POST,1993_POST_01_WC_GB_DET,nfl-jason-hanson-2,Jason Hanson,DET,GB,3,3,1,1,47
1994-01-08,1993,1,POST,1993_POST_01_WC_PIT_KC,nfl-gary-anderson,Gary Anderson,PIT,KC,3,3,1,1,30
1994-01-08,1993,1,POST,1993_POST_01_WC_PIT_KC,nfl-nick-lowery,Nick Lowery,KC,PIT,3,3,2,3,"23,32"
1994-01-09,1993,1,POST,1993_POST_01_WC_DEN_LA,nfl-jason-elam,Jason Elam,DEN,LA,3,3,1,1,33
1994-01-09,1993,1,POST,1993_POST_01_WC_DEN_LA,nfl-jeff-jaeger,Jeff Jaeger,LA,DEN,6,6,0,0,
1994-01-09,1993,1,POST,1993_POST_01_WC_MIN_NYG,nfl-david-treadwell,David Treadwell,NYG,MIN,1,1,1,2,26
1994-01-09,1993,1,POST,1993_POST_01_WC_MIN_NYG,nfl-fuad-reveiz,Fuad Reveiz,MIN,NYG,1,1,1,1,52
1994-01-15,1993,2,POST,1993_POST_02_DIV_LA_BUF,nfl-jeff-jaeger,Jeff Jaeger,LA,BUF,2,3,1,2,30
1994-01-15,1993,2,POST,1993_POST_02_DIV_LA_BUF,nfl-steve-christie,Steve Christie,BUF,LA,2,4,1,2,29
1994-01-15,1993,2,POST,1993_POST_02_DIV_NYG_SF,nfl-david-treadwell,David Treadwell,NYG,SF,0,0,1,1,25
1994-01-15,1993,2,POST,1993_POST_02_DIV_NYG_SF,nfl-mike-cofer,Mike Cofer,SF,NYG,5,6,1,1,29
1994-01-16,1993,2,POST,1993_POST_02_DIV_GB_DAL,nfl-chris-jacke,Chris Jacke,GB,DAL,2,2,1,2,30
1994-01-16,1993,2,POST,1993_POST_02_DIV_GB_DAL,nfl-eddie-murray,Eddie Murray,DAL,GB,3,3,2,2,"41,38"
1994-01-16,1993,2,POST,1993_POST_02_DIV_KC_HOU,nfl-al-del-greco,Al Del Greco,HOU,KC,2,2,2,2,"49,43"
1994-01-16,1993,2,POST,1993_POST_02_DIV_KC_HOU,nfl-nick-lowery,Nick Lowery,KC,HOU,4,4,0,0,
1994-01-23,1993,3,POST,1993_POST_03_CONF_KC_BUF,nfl-nick-lowery,Nick Lowery,KC,BUF,1,1,2,2,"31,31"
1994-01-23,1993,3,POST,1993_POST_03_CONF_KC_BUF,nfl-steve-christie,Steve Christie,BUF,KC,3,3,3,3,"23,25,18"
1994-01-23,1993,3,POST,1993_POST_03_CONF_SF_DAL,nfl-eddie-murray,Eddie Murray,DAL,SF,5,5,1,1,50
1994-01-23,1993,3,POST,1993_POST_03_CONF_SF_DAL,nfl-mike-cofer,Mike Cofer,SF,DAL,3,3,0,0,
1994-01-30,1993,4,POST,1993_POST_04_SB_DAL_BUF,nfl-eddie-murray,Eddie Murray,DAL,BUF,3,3,3,3,"41,24,20"
1994-01-30,1993,4,POST,1993_POST_04_SB_DAL_BUF,nfl-steve-christie,Steve Christie,BUF,DAL,1,1,2,2,"54,28"
1994-12-31,1994,1,POST,1994_POST_01_WC_DET_GB,nfl-chris-jacke,Chris Jacke,GB,DET,1,1,3,4,"51,32,28"
1994-12-31,1994,1,POST,1994_POST_01_WC_DET_GB,nfl-jason-hanson-2,Jason Hanson,DET,GB,1,1,1,2,38
1994-12-31,1994,1,POST,1994_POST_01_WC_KC_MIA,nfl-lin-elliott,Lin Elliott,KC,MIA,2,2,1,1,21
1994-12-31,1994,1,POST,1994_POST_01_WC_KC_MIA,nfl-pete-stoyanovich,Pete Stoyanovich,MIA,KC,3,3,2,2,"40,40"
1995-01-01,1994,1,POST,1994_POST_01_WC_CHI_MIN,nfl-fuad-reveiz,Fuad Reveiz,MIN,CHI,0,0,2,2,"29,48"
1995-01-01,1994,1,POST,1994_POST_01_WC_CHI_MIN,nfl-kevin-butler,Kevin Butler,CHI,MIN,5,5,0,0,
1995-01-01,1994,1,POST,1994_POST_01_WC_NE_CLE,nfl-matt-bahr,Matt Bahr,NE,CLE,1,1,2,2,"23,33"
1995-01-01,1994,1,POST,1994_POST_01_WC_NE_CLE,nfl-matt-stover,Matt Stover,CLE,NE,2,2,2,4,"30,21"
1995-01-07,1994,2,POST,1994_POST_02_DIV_CHI_SF,nfl-doug-brien,Doug Brien,SF,CHI,5,6,1,1,36
1995-01-07,1994,2,POST,1994_POST_02_DIV_CHI_SF,nfl-kevin-butler,Kevin Butler,CHI,SF,0,0,1,1,39
1995-01-07,1994,2,POST,1994_POST_02_DIV_CLE_PIT,nfl-gary-anderson,Gary Anderson,PIT,CLE,3,3,2,2,"39,40"
1995-01-07,1994,2,POST,1994_POST_02_DIV_CLE_PIT,nfl-matt-stover,Matt Stover,CLE,PIT,0,0,1,1,22
1995-01-08,1994,2,POST,1994_POST_02_DIV_GB_DAL,nfl-chris-boniol,Chris Boniol,DAL,GB,5,5,0,0,
1995-01-08,1994,2,POST,1994_POST_02_DIV_GB_DAL,nfl-chris-jacke,Chris Jacke,GB,DAL,0,0,1,2,50
1995-01-08,1994,2,POST,1994_POST_02_DIV_MIA_SD,nfl-john-carney,John Carney,SD,MIA,2,2,2,2,"20,21"
1995-01-08,1994,2,POST,1994_POST_02_DIV_MIA_SD,nfl-pete-stoyanovich,Pete Stoyanovich,MIA,SD,3,3,0,1,
1995-01-15,1994,3,POST,1994_POST_03_CONF_DAL_SF,nfl-chris-boniol,Chris Boniol,DAL,SF,4,4,0,1,
1995-01-15,1994,3,POST,1994_POST_03_CONF_DAL_SF,nfl-doug-brien,Doug Brien,SF,DAL,5,5,1,1,34
1995-01-15,1994,3,POST,1994_POST_03_CONF_SD_PIT,nfl-gary-anderson,Gary Anderson,PIT,SD,1,1,2,2,"39,23"
1995-01-15,1994,3,POST,1994_POST_03_CONF_SD_PIT,nfl-john-carney,John Carney,SD,PIT,2,2,1,1,20
1995-01-29,1994,4,POST,1994_POST_04_SB_SD_SF,nfl-doug-brien,Doug Brien,SF,SD,7,7,0,1,
1995-01-29,1994,4,POST,1994_POST_04_SB_SD_SF,nfl-john-carney,John Carney,SD,SF,1,1,1,1,31
1995-12-30,1995,1,POST,1995_POST_01_WC_DET_PHI,nfl-gary-anderson,Gary Anderson,PHI,DET,7,7,3,4,"21,31,39"
1995-12-30,1995,1,POST,1995_POST_01_WC_DET_PHI,nfl-jason-hanson-2,Jason Hanson,DET,PHI,3,3,0,0,
1995-12-30,1995,1,POST,1995_POST_01_WC_MIA_BUF,nfl-pete-stoyanovich,Pete Stoyanovich,MIA,BUF,2,2,0,1,
1995-12-30,1995,1,POST,1995_POST_01_WC_MIA_BUF,nfl-steve-christie,Steve Christie,BUF,MIA,4,4,3,3,"48,23,42"
1995-12-31,1995,1,POST,1995_POST_01_WC_ATL_GB,nfl-chris-jacke,Chris Jacke,GB,ATL,4,4,1,2,25
1995-12-31,1995,1,POST,1995_POST_01_WC_ATL_GB,nfl-morten-andersen,Morten Andersen,ATL,GB,2,2,2,2,"31,22"
1995-12-31,1995,1,POST,1995_POST_01_WC_IND_SD,nfl-cary-blanchard,Cary Blanchard,IND,SD,5,5,0,0,
1995-12-31,1995,1,POST,1995_POST_01_WC_IND_SD,nfl-john-carney,John Carney,SD,IND,2,2,2,2,"54,30"
1996-01-06,1995,2,POST,1995_POST_02_DIV_BUF_PIT,nfl-norm-johnson,Norm Johnson,PIT,BUF,4,4,4,4,"45,38,34,39"
1996-01-06,1995,2,POST,1995_POST_02_DIV_BUF_PIT,nfl-steve-christie,Steve Christie,BUF,PIT,3,3,0,1,
1996-01-06,1995,2,POST,1995_POST_02_DIV_GB_SF,nfl-chris-jacke,Chris Jacke,GB,SF,3,3,2,3,"27,26"
1996-01-06,1995,2,POST,1995_POST_02_DIV_GB_SF,nfl-jeff-wilkins,Jeff Wilkins,SF,GB,2,2,1,1,21
1996-01-07,1995,2,POST,1995_POST_02_DIV_IND_KC,nfl-cary-blanchard,Cary Blanchard,IND,KC,1,1,1,3,30
1996-01-07,1995,2,POST,1995_POST_02_DIV_IND_KC,nfl-lin-elliott,Lin Elliott,KC,IND,1,1,0,3,
1996-01-07,1995,2,POST,1995_POST_02_DIV_PHI_DAL,nfl-chris-boniol,Chris Boniol,DAL,PHI,3,3,3,3,"24,18,51"
1996-01-07,1995,2,POST,1995_POST_02_DIV_PHI_DAL,nfl-gary-anderson,Gary Anderson,PHI,DAL,0,0,1,1,26
1996-01-14,1995,3,POST,1995_POST_03_CONF_GB_DAL,nfl-chris-boniol,Chris Boniol,DAL,GB,5,5,1,2,34
1996-01-14,1995,3,POST,1995_POST_03_CONF_GB_DAL,nfl-chris-jacke,Chris Jacke,GB,DAL,3,3,2,2,"46,37"
1996-01-14,1995,3,POST,1995_POST_03_CONF_IND_PIT,nfl-cary-blanchard,Cary Blanchard,IND,PIT,1,1,3,4,"34,36,37"
1996-01-14,1995,3,POST,1995_POST_03_CONF_IND_PIT,nfl-norm-johnson,Norm Johnson,PIT,IND,2,2,2,3,"31,36"
1996-01-28,1995,4,POST,1995_POST_04_SB_DAL_PIT,nfl-chris-boniol,Chris Boniol,DAL,PIT,3,3,2,2,"42,35"
1996-01-28,1995,4,POST,1995_POST_04_SB_DAL_PIT,nfl-norm-johnson,Norm Johnson,PIT,DAL,2,2,1,1,46
1996-12-28,1996,1,POST,1996_POST_01_WC_JAX_BUF,nfl-mike-hollis,Mike Hollis,JAX,BUF,3,3,3,4,"27,24,45"
1996-12-28,1996,1,POST,1996_POST_01_WC_JAX_BUF,nfl-steve-christie,Steve Christie,BUF,JAX,3,3,2,2,"33,47"
1996-12-28,1996,1,POST,1996_POST_01_WC_MIN_DAL,nfl-chris-boniol,Chris Boniol,DAL,MIN,4,4,4,4,"28,31,22,25"
1996-12-28,1996,1,POST,1996_POST_01_WC_MIN_DAL,nfl-scott-sisson,Scott Sisson,MIN,DAL,1,1,0,0,
1996-12-29,1996,1,POST,1996_POST_01_WC_IND_PIT,nfl-cary-blanchard,Cary Blanchard,IND,PIT,2,2,0,0,
1996-12-29,1996,1,POST,1996_POST_01_WC_IND_PIT,nfl-norm-johnson,Norm Johnson,PIT,IND,4,4,2,2,"29,50"
1996-12-29,1996,1,POST,1996_POST_01_WC_PHI_SF,nfl-gary-anderson,Gary Anderson,PHI,SF,0,0,0,1,
1996-12-29,1996,1,POST,1996_POST_01_WC_PHI_SF,nfl-jeff-wilkins,Jeff Wilkins,SF,PHI,2,2,0,0,
1997-01-04,1996,2,POST,1996_POST_02_DIV_JAX_DEN,nfl-jason-elam,Jason Elam,DEN,JAX,1,2,0,0,
1997-01-04,1996,2,POST,1996_POST_02_DIV_JAX_DEN,nfl-mike-hollis,Mike Hollis,JAX,DEN,3,3,3,3,"46,42,22"
1997-01-04,1996,2,POST,1996_POST_02_DIV_SF_GB,nfl-chris-jacke,Chris Jacke,GB,SF,5,5,0,0,
1997-01-04,1996,2,POST,1996_POST_02_DIV_SF_GB,nfl-jeff-wilkins,Jeff Wilkins,SF,GB,2,2,0,0,
1997-01-05,1996,2,POST,1996_POST_02_DIV_DAL_CAR,nfl-chris-boniol,Chris Boniol,DAL,CAR,0,0,3,3,"22,21,21"
1997-01-05,1996,2,POST,1996_POST_02_DIV_DAL_CAR,nfl-john-kasay,John Kasay,CAR,DAL,2,2,4,4,"24,40,40,32"
1997-01-05,1996,2,POST,1996_POST_02_DIV_PIT_NE,nfl-adam-vinatieri,Adam Vinatieri,NE,PIT,4,4,0,0,
1997-01-05,1996,2,POST,1996_POST_02_DIV_PIT_NE,nfl-norm-johnson,Norm Johnson,PIT,NE,0,0,1,1,29
1997-01-12,1996,3,POST,1996_POST_03_CONF_CAR_GB,nfl-chris-jacke,Chris Jacke,GB,CAR,3,3,3,4,"31,32,28"
1997-01-12,1996,3,POST,1996_POST_03_CONF_CAR_GB,nfl-john-kasay,John Kasay,CAR,GB,1,1,2,2,"22,23"
1997-01-12,1996,3,POST,1996_POST_03_CONF_JAX_NE,nfl-adam-vinatieri,Adam Vinatieri,NE,JAX,2,2,2,3,"29,20"
1997-01-12,1996,3,POST,1996_POST_03_CONF_JAX_NE,nfl-mike-hollis,Mike Hollis,JAX,NE,0,0,2,2,"32,28"
1997-01-26,1996,4,POST,1996_POST_04_SB_NE_GB,nfl-adam-vinatieri,Adam Vinatieri,NE,GB,3,3,0,0,
1997-01-26,1996,4,POST,1996_POST_04_SB_NE_GB,nfl-chris-jacke,Chris Jacke,GB,NE,3,3,2,3,"37,31"
1997-12-27,1997,1,POST,1997_POST_01_WC_JAX_DEN,nfl-jason-elam,Jason Elam,DEN,JAX,6,6,0,0,
1997-12-27,1997,1,POST,1997_POST_01_WC_JAX_DEN,nfl-mike-hollis,Mike Hollis,JAX,DEN,2,2,1,1,38
1997-12-27,1997,1,POST,1997_POST_01_WC_MIN_NYG,nfl-brad-daluiso,Brad Daluiso,NYG,MIN,1,1,5,5,"43,22,41,51,22"
1997-12-27,1997,1,POST,1997_POST_01_WC_MIN_NYG,nfl-eddie-murray,Eddie Murray,MIN,NYG,2,2,3,4,"26,26,24"
1997-12-28,1997,1,POST,1997_POST_01_WC_DET_TB,nfl-jason-hanson-2,Jason Hanson,DET,TB,1,1,1,1,33
1997-12-28,1997,1,POST,1997_POST_01_WC_DET_TB,nfl-michael-husted,Michael Husted,TB,DET,2,2,2,2,"22,42"
1997-12-28,1997,1,POST,1997_POST_01_WC_MIA_NE,nfl-adam-vinatieri,Adam Vinatieri,NE,MIA,2,2,1,3,22
1997-12-28,1997,1,POST,1997_POST_01_WC_MIA_NE,nfl-olindo-mare,Olindo Mare,MIA,NE,0,0,1,1,38
1998-01-03,1997,2,POST,1997_POST_02_DIV_MIN_SF,nfl-eddie-murray,Eddie Murray,MIN,SF,2,2,0,0,
1998-01-03,1997,2,POST,1997_POST_02_DIV_MIN_SF,nfl-gary-anderson,Gary Anderson,SF,MIN,5,5,1,1,34
1998-01-03,1997,2,POST,1997_POST_02_DIV_NE_PIT,nfl-adam-vinatieri,Adam Vinatieri,NE,PIT,0,0,2,2,"31,46"
1998-01-03,1997,2,POST,1997_POST_02_DIV_NE_PIT,nfl-norm-johnson,Norm Johnson,PIT,NE,1,1,0,0,
1998-01-04,1997,2,POST,1997_POST_02_DIV_DEN_KC,nfl-jason-elam,Jason Elam,DEN,KC,2,2,0,0,
1998-01-04,1997,2,POST,1997_POST_02_DIV_DEN_KC,nfl-pete-stoyanovich,Pete Stoyanovich,KC,DEN,1,1,1,2,20
1998-01-04,1997,2,POST,1997_POST_02_DIV_TB_GB,nfl-michael-husted,Michael Husted,TB,GB,1,1,0,1,
1998-01-04,1997,2,POST,1997_POST_02_DIV_TB_GB,nfl-ryan-longwell,Ryan Longwell,GB,TB,1,1,2,2,"21,32"
1998-01-11,1997,3,POST,1997_POST_03_CONF_DEN_PIT,nfl-jason-elam,Jason Elam,DEN,PIT,3,3,1,1,43
1998-01-11,1997,3,POST,1997_POST_03_CONF_DEN_PIT,nfl-norm-johnson,Norm Johnson,PIT,DEN,3,3,0,1,
1998-01-11,1997,3,POST,1997_POST_03_CONF_GB_SF,nfl-gary-anderson,Gary Anderson,SF,GB,1,1,1,1,28
1998-01-11,1997,3,POST,1997_POST_03_CONF_GB_SF,nfl-ryan-longwell,Ryan Longwell,GB,SF,2,2,3,4,"19,43,25"
1998-01-25,1997,4,POST,1997_POST_04_SB_GB_DEN,nfl-jason-elam,Jason Elam,DEN,GB,4,4,1,1,51
1998-01-25,1997,4,POST,1997_POST_04_SB_GB_DEN,nfl-ryan-longwell,Ryan Longwell,GB,DEN,3,3,1,1,27
1999-01-02,1998,1,POST,1998_POST_01_WC_ARI_DAL,nfl-chris-jacke,Chris Jacke,ARI,DAL,2,2,2,2,"37,46"
1999-01-02,1998,1,POST,1998_POST_01_WC_ARI_DAL,nfl-richie-cunningham,Richie Cunningham,DAL,ARI,1,1,0,1,
1999-01-02,1998,1,POST,1998_POST_01_WC_BUF_MIA,nfl-olindo-mare,Olindo Mare,MIA,BUF,1,1,3,4,"31,40,23"
1999-01-02,1998,1,POST,1998_POST_01_WC_BUF_MIA,nfl-steve-christie,Steve Christie,BUF,MIA,2,2,1,1,33
1999-01-03,1998,1,POST,1998_POST_01_WC_GB_SF,nfl-ryan-longwell,Ryan Longwell,GB,SF,3,3,2,3,"23,37"
1999-01-03,1998,1,POST,1998_POST_01_WC_GB_SF,nfl-wade-richey,Wade Richey,SF,GB,3,3,3,3,"34,48,40"
1999-01-03,1998,1,POST,1998_POST_01_WC_NE_JAX,nfl-adam-vinatieri,Adam Vinatieri,NE,JAX,1,1,1,1,27
1999-01-03,1998,1,POST,1998_POST_01_WC_NE_JAX,nfl-mike-hollis,Mike Hollis,JAX,NE,1,1,4,4,"35,24,34,21"
1999-01-09,1998,2,POST,1998_POST_02_DIV_MIA_DEN,nfl-jason-elam,Jason Elam,DEN,MIA,5,5,1,1,32
1999-01-09,1998,2,POST,1998_POST_02_DIV_MIA_DEN,nfl-olindo-mare,Olindo Mare,MIA,DEN,0,0,1,1,22
1999-01-09,1998,2,POST,1998_POST_02_DIV_SF_ATL,nfl-morten-andersen,Morten Andersen,ATL,SF,2,2,2,2,"29,32"
1999-01-09,1998,2,POST,1998_POST_02_DIV_SF_ATL,nfl-wade-richey,Wade Richey,SF,ATL,1,1,1,1,36
1999-01-10,1998,2,POST,1998_POST_02_DIV_ARI_MIN,nfl-chris-jacke,Chris Jacke,ARI,MIN,3,3,0,0,
1999-01-10,1998,2,POST,1998_POST_02_DIV_ARI_MIN,nfl-gary-anderson,Gary Anderson,MIN,ARI,5,5,2,2,"34,20"
1999-01-10,1998,2,POST,1998_POST_02_DIV_JAX_NYJ,nfl-john-hall,John Hall,NYJ,JAX,4,4,2,2,"52,30"
1999-01-10,1998,2,POST,1998_POST_02_DIV_JAX_NYJ,nfl-mike-hollis,Mike Hollis,JAX,NYJ,3,3,1,1,37
1999-01-17,1998,3,POST,1998_POST_03_CONF_ATL_MIN,nfl-gary-anderson,Gary Anderson,MIN,ATL,3,3,2,3,"29,35"
1999-01-17,1998,3,POST,1998_POST_03_CONF_ATL_MIN,nfl-morten-andersen,Morten Andersen,ATL,MIN,3,3,3,3,"27,24,38"
1999-01-17,1998,3,POST,1998_POST_03_CONF_NYJ_DEN,nfl-jason-elam,Jason Elam,DEN,NYJ,2,2,3,3,"44,48,35"
1999-01-17,1998,3,POST,1998_POST_03_CONF_NYJ_DEN,nfl-john-hall,John Hall,NYJ,DEN,1,1,1,2,32
1999-01-31,1998,4,POST,1998_POST_04_SB_DEN_ATL,nfl-jason-elam,Jason Elam,DEN,ATL,4,4,2,4,"26,37"
1999-01-31,1998,4,POST,1998_POST_04_SB_DEN_ATL,nfl-morten-andersen,Morten Andersen,ATL,DEN,1,1,2,3,"32,28"
